case_id,method,shape,init_n_neg_2tri,init_min_T,final_n_neg_2tri,final_min_T,feasible,L1_dev,L2_dev,Linf_dev,wall_s,error
01a_10x10_crossing,harmonic_only,10x10,16,-0.7439316118613307,0,0.14765796512320242,True,24.912511449173376,5.756969859511338,3.1063656637997026,0.004579782485961914,
01a_10x10_crossing,m10,10x10,16,-0.7439316118613307,0,0.042750503516375445,True,8.396565207623103,3.4023735224675127,2.26953938491784,0.05538296699523926,
01a_10x10_crossing,m14,10x10,16,-0.7439316118613307,0,0.010999979891742761,True,6.676493563722547,3.0529321277973755,2.1051462004350183,0.14272308349609375,
01a_10x10_crossing,m14_schwarz,10x10,16,-0.7439316118613307,0,0.010999979891742761,True,6.676493563722547,3.0529321277973755,2.1051462004350183,0.1479659080505371,
01a_10x10_crossing,cluster_pipeline,10x10,16,-0.7439316118613307,16,-0.7439316118613307,False,0.0,0.0,0.0,7.3909759521484375e-06,NotImplementedError: cluster_pipeline adapter not yet implemented; see Task 9 note in plan
01a_10x10_crossing,lp_oneshot,10x10,16,-0.7439316118613307,0,0.009997596234897295,True,6.640329033262663,3.045368031162213,2.101145889183008,0.06931352615356445,
01a_10x10_crossing,slp_iter,10x10,16,-0.7439316118613307,0,0.00999999999999941,True,6.640326147783156,3.045364230290754,2.1011425102725725,0.07868146896362305,
01a_10x10_crossing,slp_iter_m14_seed,10x10,16,-0.7439316118613307,0,0.009999896277179227,True,6.640325959082069,3.045364387752134,2.101142654014668,0.14870381355285645,
01a_10x10_crossing,slp_iter_wide_tr,10x10,16,-0.7439316118613307,0,0.00999999999999941,True,6.640326147783156,3.045364230290754,2.1011425102725725,0.07420206069946289,
01a_10x10_crossing,cluster_slp,10x10,16,-0.7439316118613307,0,0.010099894179949222,True,6.643922833766163,3.046121150292338,2.1015433183595906,0.1434166431427002,
01b_10x10_opposite,harmonic_only,10x10,8,-0.5869792316261988,4,-0.4672750650854367,False,13.112175547655635,2.827310747459029,1.951914778753191,0.0041544437408447266,
01b_10x10_opposite,m10,10x10,8,-0.5869792316261988,0,0.019999999931137824,True,14.150747228734778,2.9995858974720773,1.951914778753191,0.06364560127258301,
01b_10x10_opposite,m14,10x10,8,-0.5869792316261988,0,0.011000702307961093,True,3.552425949868692,1.6934850240428025,1.2126149248391018,0.1474595069885254,
01b_10x10_opposite,m14_schwarz,10x10,8,-0.5869792316261988,0,0.010999979991259373,True,3.5522980525121453,1.8467212535030317,1.2733392725920663,0.15677165985107422,
01b_10x10_opposite,cluster_pipeline,10x10,8,-0.5869792316261988,8,-0.5869792316261988,False,0.0,0.0,0.0,8.58306884765625e-06,NotImplementedError: cluster_pipeline adapter not yet implemented; see Task 9 note in plan
01b_10x10_opposite,lp_oneshot,10x10,8,-0.5869792316261988,0,0.00999956170385119,True,3.536215305433455,2.0459990522310623,1.5161821531111426,0.06838417053222656,
01b_10x10_opposite,slp_iter,10x10,8,-0.5869792316261988,0,0.010000000000000009,True,3.536199174426251,1.8934608081423,1.5161820610633248,0.08286786079406738,
01b_10x10_opposite,slp_iter_m14_seed,10x10,8,-0.5869792316261988,0,0.009999997751854672,True,3.5361991759206095,1.8934608028980435,1.5161820553141807,0.1612684726715088,
01b_10x10_opposite,slp_iter_wide_tr,10x10,8,-0.5869792316261988,0,0.010000000000000009,True,3.5361991744260752,1.8934608081422144,1.5161820610632368,0.08007955551147461,
01b_10x10_opposite,cluster_slp,10x10,8,-0.5869792316261988,0,0.01099998104359998,True,3.55222308870714,1.68530657533096,1.1968387399870422,0.6158690452575684,
03a_10x10_opposite,harmonic_only,10x10,14,-0.813748372715718,9,-0.2921047196465849,False,22.957856456510918,4.521644089061821,2.9610106968281666,0.0042765140533447266,
03a_10x10_opposite,m10,10x10,14,-0.813748372715718,0,0.01999999963753855,True,24.810206553660073,4.617510056614781,2.9610106968281666,0.16227173805236816,
03a_10x10_opposite,m14,10x10,14,-0.813748372715718,0,0.010999979955942733,True,7.135114966438479,2.8183819083009793,2.280193660797422,0.2865588665008545,
03a_10x10_opposite,m14_schwarz,10x10,14,-0.813748372715718,0,0.010999979895505219,True,7.135151896274285,2.8087617047936546,2.2801819115707858,0.3801538944244385,
03a_10x10_opposite,cluster_pipeline,10x10,14,-0.813748372715718,14,-0.813748372715718,False,0.0,0.0,0.0,7.3909759521484375e-06,NotImplementedError: cluster_pipeline adapter not yet implemented; see Task 9 note in plan
03a_10x10_opposite,lp_oneshot,10x10,14,-0.813748372715718,0,0.009979656745542576,False,7.09302868306608,2.802255428914695,2.276257109165966,0.16433310508728027,
03a_10x10_opposite,slp_iter,10x10,14,-0.813748372715718,0,0.009999999999991682,True,7.092689677210446,2.803520860982719,2.2762075202853342,0.20178461074829102,
03a_10x10_opposite,slp_iter_m14_seed,10x10,14,-0.813748372715718,0,0.009995854800677884,True,7.092672311176292,2.80055802556418,2.2762074191234856,0.3150937557220459,
03a_10x10_opposite,slp_iter_wide_tr,10x10,14,-0.813748372715718,0,0.009999999999991682,True,7.092689677210446,2.803520860982719,2.2762075202853342,0.2058854103088379,
03a_10x10_opposite,cluster_slp,10x10,14,-0.813748372715718,0,0.010999979966629686,True,7.136964286463068,2.808583652720331,2.280181855475152,1.3721034526824951,
03b_10x10_crossing,harmonic_only,10x10,24,-0.7002332902447698,12,-0.3512801411910042,False,48.57077875310841,8.093361179308516,3.3491774183444676,0.0042340755462646484,
03b_10x10_crossing,m10,10x10,24,-0.7002332902447698,0,0.019999997471880582,True,52.44457785052596,8.235864510658438,3.3491774183444676,0.2181713581085205,
03b_10x10_crossing,m14,10x10,24,-0.7002332902447698,0,0.010999979763574213,True,15.867548976403251,4.514155160956292,1.8119582117284028,0.3919532299041748,
03b_10x10_crossing,m14_schwarz,10x10,24,-0.7002332902447698,0,0.010999979763574213,True,15.867548976403251,4.514155160956292,1.8119582117284028,0.45220160484313965,
03b_10x10_crossing,cluster_pipeline,10x10,24,-0.7002332902447698,24,-0.7002332902447698,False,0.0,0.0,0.0,5.9604644775390625e-06,NotImplementedError: cluster_pipeline adapter not yet implemented; see Task 9 note in plan
03b_10x10_crossing,lp_oneshot,10x10,24,-0.7002332902447698,0,0.008907370395229774,False,15.838435650616788,4.538989383378189,1.6968919365215838,0.21463370323181152,
03b_10x10_crossing,slp_iter,10x10,24,-0.7002332902447698,0,0.00999999999999989,True,26.152753343652762,6.028702899878933,2.8443089109592137,0.34450268745422363,
03b_10x10_crossing,slp_iter_m14_seed,10x10,24,-0.7002332902447698,0,0.009999999999999626,True,15.819003016674358,4.515272041004543,1.8169049198201348,0.47158312797546387,
03b_10x10_crossing,slp_iter_wide_tr,10x10,24,-0.7002332902447698,0,0.009999999999999426,True,38.58611278430982,7.0832316261767145,3.125876484506577,0.3270092010498047,
03b_10x10_crossing,cluster_slp,10x10,24,-0.7002332902447698,0,0.010999979937262438,True,15.867332080073075,4.524303865857641,1.8195444989325185,2.168160915374756,
03c_20x20_opposite,harmonic_only,20x20,42,-0.8092987841559642,18,-0.5629778627924358,False,152.7438204306997,12.669718091520853,4.18563893486962,0.016617774963378906,
03c_20x20_opposite,m10,20x20,42,-0.8092987841559642,0,0.01999999958541282,True,157.1759696471114,12.82788698753262,4.173179716189478,0.3562629222869873,
03c_20x20_opposite,m14,20x20,42,-0.8092987841559642,0,0.010999979480202524,True,22.990498709664276,5.455534371704657,2.197800929080611,0.545691967010498,
03c_20x20_opposite,m14_schwarz,20x20,42,-0.8092987841559642,0,0.010999990415504883,True,22.990607819309364,5.450436522532683,2.197788022534745,0.9957230091094971,
03c_20x20_opposite,cluster_pipeline,20x20,42,-0.8092987841559642,42,-0.8092987841559642,False,0.0,0.0,0.0,6.67572021484375e-06,NotImplementedError: cluster_pipeline adapter not yet implemented; see Task 9 note in plan
03c_20x20_opposite,lp_oneshot,20x20,42,-0.8092987841559642,0,0.009985469085539878,False,22.872126426693267,5.445135465372418,2.1938103820202177,0.3139328956604004,
03c_20x20_opposite,slp_iter,20x20,42,-0.8092987841559642,0,0.009999999998656861,True,22.87165362391092,5.436709286038318,2.1938114614699766,0.39515113830566406,
03c_20x20_opposite,slp_iter_m14_seed,20x20,42,-0.8092987841559642,0,0.009995654345498872,True,22.871629809857577,5.436708404913463,2.193811476823071,0.5780057907104492,
03c_20x20_opposite,slp_iter_wide_tr,20x20,42,-0.8092987841559642,0,0.009999999998656861,True,22.87165362391092,5.436709286038318,2.1938114614699766,0.40581655502319336,
03c_20x20_opposite,cluster_slp,20x20,42,-0.8092987841559642,0,0.010999979703688247,True,22.990545822328215,5.4505630777435154,2.197796088752521,3.7050435543060303,
03d_20x20_crossing,harmonic_only,20x20,72,-0.7404841574523403,12,-0.2101849258168939,False,259.78493532664356,18.423873918294667,4.024172027176144,0.016086578369140625,
03d_20x20_crossing,m10,20x20,72,-0.7404841574523403,0,0.01999999997261682,True,262.19049534912745,18.453195494533183,4.024172027176143,0.2505316734313965,
03d_20x20_crossing,m14,20x20,72,-0.7404841574523403,0,0.01099997817631667,True,43.76443683022859,7.861582777468347,2.000688044952433,0.4456746578216553,
03d_20x20_crossing,m14_schwarz,20x20,72,-0.7404841574523403,0,0.010999978248372703,True,43.76302569452956,7.872669599059428,2.001844586020928,0.8584768772125244,
03d_20x20_crossing,cluster_pipeline,20x20,72,-0.7404841574523403,72,-0.7404841574523403,False,0.0,0.0,0.0,5.7220458984375e-06,NotImplementedError: cluster_pipeline adapter not yet implemented; see Task 9 note in plan
03d_20x20_crossing,lp_oneshot,20x20,72,-0.7404841574523403,11,-0.02135960937450823,False,44.09073211887431,8.01702595597798,2.09782588317849,0.2784123420715332,
03d_20x20_crossing,slp_iter,20x20,72,-0.7404841574523403,0,0.009994701068239742,True,111.37261508884468,13.281127780267735,3.5153972697908893,0.5160386562347412,
03d_20x20_crossing,slp_iter_m14_seed,20x20,72,-0.7404841574523403,0,0.009999999999998952,True,43.65952419690886,7.856077027422382,1.9874486030399428,0.5411310195922852,
03d_20x20_crossing,slp_iter_wide_tr,20x20,72,-0.7404841574523403,0,0.009999540138676917,True,166.73692190985727,15.792644440513072,3.7969648433382526,0.5187339782714844,
03d_20x20_crossing,cluster_slp,20x20,72,-0.7404841574523403,0,0.010999978360732689,True,44.6708696026302,7.951766802266778,2.0139580063278304,4.272805690765381,
bowtie_7x7_shoelace,harmonic_only,7x7,2,-0.7000000000000002,0,0.5,True,2.4,1.697056274847714,1.2,0.0007431507110595703,
bowtie_7x7_shoelace,m10,7x7,2,-0.7000000000000002,0,0.5,True,2.4,1.697056274847714,1.2,0.0023849010467529297,
bowtie_7x7_shoelace,m14,7x7,2,-0.7000000000000002,0,0.029330906232741843,True,1.4662720272210368,1.0263801628516414,0.7257245136962472,0.021910429000854492,
bowtie_7x7_shoelace,m14_schwarz,7x7,2,-0.7000000000000002,0,0.029330906232741843,True,1.4662720272210368,1.0263801628516414,0.7257245136962472,0.02293992042541504,
bowtie_7x7_shoelace,cluster_pipeline,7x7,2,-0.7000000000000002,2,-0.7000000000000002,False,0.0,0.0,0.0,7.152557373046875e-06,NotImplementedError: cluster_pipeline adapter not yet implemented; see Task 9 note in plan
bowtie_7x7_shoelace,lp_oneshot,7x7,2,-0.7000000000000002,0,0.009999999999999787,True,1.42,1.42,1.42,0.005504131317138672,
bowtie_7x7_shoelace,slp_iter,7x7,2,-0.7000000000000002,0,0.010000000000000231,True,1.4200000000000004,1.4200000000000004,1.4200000000000004,0.014240264892578125,
bowtie_7x7_shoelace,slp_iter_m14_seed,7x7,2,-0.7000000000000002,0,0.009999523856204506,True,1.419999047712409,1.0040909559158842,0.7099995238562051,0.0430607795715332,
bowtie_7x7_shoelace,slp_iter_wide_tr,7x7,2,-0.7000000000000002,0,0.010000000000000231,True,1.4200000000000004,1.4200000000000004,1.4200000000000004,0.08008980751037598,
bowtie_7x7_shoelace,cluster_slp,7x7,2,-0.7000000000000002,0,0.01009949447204006,True,1.42019898894408,1.0042323357166376,0.7100994944720418,0.044405460357666016,
dense_bowtie_cluster_15x15,harmonic_only,15x15,12,-0.7000000000000002,0,0.5,True,21.599999999999998,5.091168824543142,1.2,0.0008141994476318359,
dense_bowtie_cluster_15x15,m10,15x15,12,-0.7000000000000002,0,0.02137980907944806,True,14.372316500110411,3.079643902375996,0.7258620387383383,0.004570960998535156,
dense_bowtie_cluster_15x15,m14,15x15,12,-0.7000000000000002,0,0.019869259395562073,True,12.958266747859378,3.1659523249937407,0.9605920740047796,0.05724692344665527,
dense_bowtie_cluster_15x15,m14_schwarz,15x15,12,-0.7000000000000002,0,0.01986935898068999,True,12.95825394757707,3.1659622845057602,0.9605888248761189,0.06087994575500488,
dense_bowtie_cluster_15x15,cluster_pipeline,15x15,12,-0.7000000000000002,12,-0.7000000000000002,False,0.0,0.0,0.0,8.344650268554688e-06,NotImplementedError: cluster_pipeline adapter not yet implemented; see Task 9 note in plan
dense_bowtie_cluster_15x15,lp_oneshot,15x15,12,-0.7000000000000002,0,0.009775479804149612,False,12.778748912009442,3.0120863520648262,0.7186869484619864,0.012447595596313477,
dense_bowtie_cluster_15x15,slp_iter,15x15,12,-0.7000000000000002,0,0.009999999999999787,True,12.78,4.26,1.4200000000000004,0.20084047317504883,
dense_bowtie_cluster_15x15,slp_iter_m14_seed,15x15,12,-0.7000000000000002,0,0.009990865519279968,True,12.77997558327224,3.6902309921434657,1.4199997534234923,0.25299525260925293,
dense_bowtie_cluster_15x15,slp_iter_wide_tr,15x15,12,-0.7000000000000002,0,0.009999999999999787,True,12.779999999999998,3.9735044515727034,1.4200000000000004,0.19479990005493164,
dense_bowtie_cluster_15x15,cluster_slp,15x15,12,-0.7000000000000002,0,0.010090863488343427,True,12.781775644893793,3.6906826538356006,1.4201997528051094,0.16378116607666016,
tiny_margin_10x10,harmonic_only,10x10,45,-0.05000000000000071,10,-0.05000000000000071,False,36.66572879011315,4.887884098273544,0.9493129053727799,0.0055043697357177734,
tiny_margin_10x10,m10,10x10,45,-0.05000000000000071,0,0.010818670560156183,True,21.876838099345605,2.484058505849725,0.5753791645969475,0.04064202308654785,
tiny_margin_10x10,m14,10x10,45,-0.05000000000000071,0,0.01800435703559405,True,7.825888990185785,0.799944673359358,0.1098766836138369,0.1448214054107666,
tiny_margin_10x10,m14_schwarz,10x10,45,-0.05000000000000071,0,0.01800435703559405,True,7.825888990185785,0.799944673359358,0.1098766836138369,0.1202394962310791,
tiny_margin_10x10,cluster_pipeline,10x10,45,-0.05000000000000071,45,-0.05000000000000071,False,0.0,0.0,0.0,6.4373016357421875e-06,NotImplementedError: cluster_pipeline adapter not yet implemented; see Task 9 note in plan
tiny_margin_10x10,lp_oneshot,10x10,45,-0.05000000000000071,6,-0.020654959281698332,False,6.102237719541282,0.8369490329870781,0.15129482846899273,0.048181772232055664,
tiny_margin_10x10,slp_iter,10x10,45,-0.05000000000000071,0,0.009992925581897271,True,19.00445442067648,2.358719286936098,0.560313971420678,0.14345860481262207,
tiny_margin_10x10,slp_iter_m14_seed,10x10,45,-0.05000000000000071,0,0.009999999999999787,True,6.000000000000005,0.8485281374238578,0.12000000000000166,0.20230436325073242,
tiny_margin_10x10,slp_iter_wide_tr,10x10,45,-0.05000000000000071,0,0.009994434009247924,True,19.642906167983185,2.3862648149667893,0.5637901143039787,0.15819883346557617,
tiny_margin_10x10,cluster_slp,10x10,45,-0.05000000000000071,0,0.021013831764500678,True,8.662618614616433,0.9857739772076575,0.14879857683526093,0.7779061794281006,
