label,case,source,config,mechanism,tool,shape,n_neg_init,n_neg_final,neg_vol_init,neg_vol_final,n_clusters_init,n_clusters_final,min_jdet_init,min_jdet_final,l2_err,time_s,frac_nonpos_jdet_init,frac_nonpos_jdet_final,sdlogj_init,sdlogj_final,moved_frac,l1_move,l2_move,max_move,mean_move_moved,feasible,simplex_n_neg_init,simplex_n_below_init,simplex_min_init,bilinear_n_neg_init,bilinear_n_below_init,bilinear_min_init,finite_n_neg_init,finite_n_below_init,finite_min_init,jdet_n_neg_init,jdet_n_below_init,jdet_min_init,simplex_n_neg_final,simplex_n_below_final,simplex_min_final,bilinear_n_neg_final,bilinear_n_below_final,bilinear_min_final,finite_n_neg_final,finite_n_below_final,finite_min_final,jdet_n_neg_final,jdet_n_below_final,jdet_min_final,ift_min_radius_init,ift_frac_subpixel_init,ift_min_radius_final,ift_frac_subpixel_final,certified,damage,n_windows,giant_regions,mop_cleared,rounds,sqp_iters,corr_n,corr_resid_med_init,corr_resid_mad_init,corr_resid_med_final,corr_resid_mad_final,corr_n_outliers,corr_n_large,corr_n_high_resid,corr_n_incoherent,error,timing_mode,hit_cap,out_path,sha256
z0_cluster__isqp_none,z0_cluster,crops,isqp_none,,B0039 hard crop (TUNING SET),3x1x35x42,609,0,3484.115447112045,0.0,1,0,-83.48196780027274,0.022451248491577872,787.4864972787437,3.3452380999806337,0.4142857142857143,0.0,4.192337337452271,2.1538559246569937,0.6571428571428571,24658.432565765626,787.4864972787437,47.54671716735632,25.52632770783191,True,598,598,-85.394704044229,603,605,-87.59603854535453,588,588,-102.27444073626975,609,609,-83.48196780027274,0,0,0.011011261642198105,0,0,0.011009633514933228,0,0,0.02202757071855769,0,0,0.022451248491577872,0.0007698187358163713,0.8299319727891157,0.0003386688962399228,0.8938775510204081,True,0,1,0,0,1,12,-1.0,-1.0,-1.0,-1.0,-1.0,-1.0,-1.0,-1.0,-1.0,,throughput,False,data\dvfs\results\crops_all\crops\z0_cluster__isqp_none.npz,6fd4930ddc7261235e7f3cb2813d7063a891c739bf1d5ad53a826ae64ff5feab
z0_cluster__isqp_l2,z0_cluster,crops,isqp_l2,,B0039 hard crop (TUNING SET),3x1x35x42,609,0,3484.115447112045,0.0,1,0,-83.48196780027274,0.022007217858381806,690.5371458074857,41.431763600034174,0.4142857142857143,0.0,4.192337337452271,2.416869291505428,0.7619047619047619,17428.538297595613,690.5371458074857,53.23105897991309,15.561194908567511,True,598,598,-85.394704044229,603,605,-87.59603854535453,588,588,-102.27444073626975,609,609,-83.48196780027274,0,0,0.010997472443416574,0,0,0.0109974472856497,0,0,0.02199847396210042,0,0,0.022007217858381806,0.0007698187358163713,0.8299319727891157,0.0002457997379650503,0.8938775510204081,True,0,2,0,0,1,96,-1.0,-1.0,-1.0,-1.0,-1.0,-1.0,-1.0,-1.0,-1.0,,throughput,False,data\dvfs\results\crops_all\crops\z0_cluster__isqp_l2.npz,34530a47ab8491e042fd43e0ee589b1970b37e6e0890561777fd86708f21b3e3
z0_cluster__auto,z0_cluster,crops,auto,,B0039 hard crop (TUNING SET),3x1x35x42,609,0,3484.115447112045,0.0,1,0,-83.48196780027274,0.022007217858381806,690.5371458074857,32.16866079997271,0.4142857142857143,0.0,4.192337337452271,2.416869291505428,0.7619047619047619,17428.538297595613,690.5371458074857,53.23105897991309,15.561194908567511,True,598,598,-85.394704044229,603,605,-87.59603854535453,588,588,-102.27444073626975,609,609,-83.48196780027274,0,0,0.010997472443416574,0,0,0.0109974472856497,0,0,0.02199847396210042,0,0,0.022007217858381806,0.0007698187358163713,0.8299319727891157,0.0002457997379650503,0.8938775510204081,True,0,2,0,0,1,96,-1.0,-1.0,-1.0,-1.0,-1.0,-1.0,-1.0,-1.0,-1.0,,throughput,False,data\dvfs\results\crops_all\crops\z0_cluster__auto.npz,34530a47ab8491e042fd43e0ee589b1970b37e6e0890561777fd86708f21b3e3
z0_cluster__slp,z0_cluster,crops,slp,,B0039 hard crop (TUNING SET),3x1x35x42,609,54,3484.115447112045,5.457211387345264,1,25,-83.48196780027274,-0.9297107469393895,942.4974795359573,8.286261499975808,0.4142857142857143,0.026530612244897958,4.192337337452271,2.307802791505624,0.9591836734693877,27432.947697057218,942.4974795359573,84.8497474420271,19.455991274508666,False,598,598,-85.394704044229,603,605,-87.59603854535453,588,588,-102.27444073626975,609,609,-83.48196780027274,30,67,-0.011373203382662456,274,390,-14.946154666978405,18,34,-0.022746406765325605,39,54,-0.9297107469393895,0.0007698187358163713,0.8299319727891157,1.2543681451885651e-05,0.9551020408163265,False,-1,-1,-1,-1,-1,-1,-1.0,-1.0,-1.0,-1.0,-1.0,-1.0,-1.0,-1.0,-1.0,,throughput,False,data\dvfs\results\crops_all\crops\z0_cluster__slp.npz,4b9349fb6a9e1c9a87eff4a4dcc46d927233251b036c0c82ae4e69c1204c56c8
z0_cluster__barrier,z0_cluster,crops,barrier,,B0039 hard crop (TUNING SET),3x1x35x42,609,268,3484.115447112045,71.80808987189889,1,9,-83.48196780027274,-39.12071142202999,268.1344197240551,2.549142000032589,0.4142857142857143,0.10136054421768707,4.192337337452271,3.095935166004882,0.6122448979591837,7531.029431515621,268.1344197240551,57.273170455634755,8.3678104794618,False,598,598,-85.394704044229,603,605,-87.59603854535453,588,588,-102.27444073626975,609,609,-83.48196780027274,205,345,-0.057193928776983885,310,472,-78.96212886283432,147,270,-0.11438785755396849,149,268,-39.12071142202999,0.0007698187358163713,0.8299319727891157,1.278115245888866e-08,0.8938775510204081,False,-1,-1,-1,-1,-1,-1,-1.0,-1.0,-1.0,-1.0,-1.0,-1.0,-1.0,-1.0,-1.0,,throughput,False,data\dvfs\results\crops_all\crops\z0_cluster__barrier.npz,4a686fc5063089cbc2ac5b8d50a8583a43437461d26c7e6a20639d81d4acf588
z0_cluster__m14,z0_cluster,crops,m14,,B0039 hard crop (TUNING SET),3x1x35x42,609,185,3484.115447112045,81.49153658144645,1,8,-83.48196780027274,-54.10423652593074,310.9719198466107,5.329283399973065,0.4142857142857143,0.07482993197278912,4.192337337452271,2.7917178248476526,1.0,9944.958379638547,310.9719198466107,46.46399843839606,6.765277809277923,False,598,598,-85.394704044229,603,605,-87.59603854535453,588,588,-102.27444073626975,609,609,-83.48196780027274,146,212,-0.009404853316114643,294,384,-108.32820823855471,124,198,-0.018809706632226687,110,185,-54.10423652593074,0.0007698187358163713,0.8299319727891157,1.587862068281102e-08,0.9068027210884354,False,-1,-1,-1,-1,-1,-1,-1.0,-1.0,-1.0,-1.0,-1.0,-1.0,-1.0,-1.0,-1.0,,throughput,False,data\dvfs\results\crops_all\crops\z0_cluster__m14.npz,214586e1709136147d80b62558abcd8a947dc4a29a8a2cd05786cf256129faa7
z0_cluster__slsqp_windowed,z0_cluster,crops,slsqp_windowed,,B0039 hard crop (TUNING SET),3x1x35x42,609,294,3484.115447112045,2.1532163863892395e-07,1,47,-83.48196780027274,0.009999985831873781,193.53628255946865,915.5516915000044,0.4142857142857143,0.0,4.192337337452271,3.0449316980644046,0.5993197278911565,5138.037459396565,193.53628255946865,32.17143938352075,5.832051599769087,True,598,598,-85.394704044229,603,605,-87.59603854535453,588,588,-102.27444073626975,609,609,-83.48196780027274,587,587,-322.62155963032086,634,637,-492.3870604017523,397,397,-638.9911724377165,0,0,0.009999985831873781,0.0007698187358163713,0.8299319727891157,2.0121602689928364e-06,0.8938775510204081,False,-1,-1,-1,-1,-1,-1,-1.0,-1.0,-1.0,-1.0,-1.0,-1.0,-1.0,-1.0,-1.0,,throughput,False,data\dvfs\results\crops_all\crops\z0_cluster__slsqp_windowed.npz,27472d65237e6262d5a6848e0b24da2c5e09238f01a66b72c92371463cbe79b9
z0_sliver__isqp_none,z0_sliver,crops,isqp_none,,B0039 hard crop (TUNING SET),3x1x53x52,0,0,0.0,0.0,0,0,0.022000308548541975,0.022011032334125335,805.7709270343073,84.5763077000156,0.0,0.0,1.6766362821631005,1.5858448708933661,0.966255442670537,25183.290076100355,805.7709270343073,64.51272327263253,9.456736791626119,True,0,0,0.010997871252991426,8,18,-0.0004357905639205209,0,0,0.02199574250598285,0,0,0.022000308548541975,0,0,0.011002357649337935,0,0,0.011000096336476358,0,0,0.022009774103541047,0,0,0.022011032334125335,2.6282204493930134e-05,0.9677068214804064,9.865591313083621e-05,0.9677068214804064,True,0,11,0,40,1,286,-1.0,-1.0,-1.0,-1.0,-1.0,-1.0,-1.0,-1.0,-1.0,,throughput,False,data\dvfs\results\crops_all\crops\z0_sliver__isqp_none.npz,0503fadaafd96cad5bb7b53a4d1de10df53780479e3d1557406db2d3ec9a50ac
z0_sliver__isqp_l2,z0_sliver,crops,isqp_l2,,B0039 hard crop (TUNING SET),3x1x53x52,0,0,0.0,0.0,0,0,0.022000308548541975,0.022033360619715815,910.5478466797232,312.79205579997506,0.0,0.0,1.6766362821631005,1.7945829630010002,0.989477503628447,25675.658698892017,910.5478466797232,61.20001480212629,9.415349724566196,True,0,0,0.010997871252991426,8,18,-0.0004357905639205209,0,0,0.02199574250598285,0,0,0.022000308548541975,0,0,0.011002758131594884,0,0,0.011000000000000605,0,0,0.022006138784082592,0,0,0.022033360619715815,2.6282204493930134e-05,0.9677068214804064,7.222153833784195e-05,0.9677068214804064,True,0,25,0,78,1,637,-1.0,-1.0,-1.0,-1.0,-1.0,-1.0,-1.0,-1.0,-1.0,,throughput,False,data\dvfs\results\crops_all\crops\z0_sliver__isqp_l2.npz,f237fe1abc409f9a285a735d1d67e6e69307fd774881f801b6caa4f5f9912340
z0_sliver__auto,z0_sliver,crops,auto,,B0039 hard crop (TUNING SET),3x1x53x52,0,0,0.0,0.0,0,0,0.022000308548541975,0.022011032334125335,805.7709270343073,118.66317780001555,0.0,0.0,1.6766362821631005,1.5858448708933661,0.966255442670537,25183.290076100355,805.7709270343073,64.51272327263253,9.456736791626119,True,0,0,0.010997871252991426,8,18,-0.0004357905639205209,0,0,0.02199574250598285,0,0,0.022000308548541975,0,0,0.011002357649337935,0,0,0.011000096336476358,0,0,0.022009774103541047,0,0,0.022011032334125335,2.6282204493930134e-05,0.9677068214804064,9.865591313083621e-05,0.9677068214804064,True,0,11,0,40,1,346,-1.0,-1.0,-1.0,-1.0,-1.0,-1.0,-1.0,-1.0,-1.0,,throughput,False,data\dvfs\results\crops_all\crops\z0_sliver__auto.npz,0503fadaafd96cad5bb7b53a4d1de10df53780479e3d1557406db2d3ec9a50ac
z0_sliver__slp,z0_sliver,crops,slp,,B0039 hard crop (TUNING SET),3x1x53x52,0,0,0.0,0.0,0,0,0.022000308548541975,0.022000308548541975,0.0,6.696213200048078,0.0,0.0,1.6766362821631005,1.6766362821631005,0.0,0.0,0.0,0.0,0.0,True,0,0,0.010997871252991426,8,18,-0.0004357905639205209,0,0,0.02199574250598285,0,0,0.022000308548541975,0,0,0.010997871252991426,8,18,-0.0004357905639205209,0,0,0.02199574250598285,0,0,0.022000308548541975,2.6282204493930134e-05,0.9677068214804064,2.6282204493930134e-05,0.9677068214804064,False,-1,-1,-1,-1,-1,-1,-1.0,-1.0,-1.0,-1.0,-1.0,-1.0,-1.0,-1.0,-1.0,,throughput,False,data\dvfs\results\crops_all\crops\z0_sliver__slp.npz,33c3ab26b6e2c0ecef0e1c918d5304dbb90ebeb80ac74337e22a9cbef5c69d18
z0_sliver__barrier,z0_sliver,crops,barrier,,B0039 hard crop (TUNING SET),3x1x53x52,0,0,0.0,0.0,0,0,0.022000308548541975,0.02200008915936716,8.212681915496507e-07,0.03421209997031838,0.0,0.0,1.6766362821631005,1.6766363083880418,0.018867924528301886,4.062876143073879e-06,8.212681915496507e-07,4.489780280891864e-07,7.813223352065152e-08,True,0,0,0.010997871252991426,8,18,-0.0004357905639205209,0,0,0.02199574250598285,0,0,0.022000308548541975,0,0,0.010999998961020876,8,18,-0.00043583345968728373,0,0,0.021999997922041752,0,0,0.02200008915936716,2.6282204493930134e-05,0.9677068214804064,2.6282294951756165e-05,0.9677068214804064,False,-1,-1,-1,-1,-1,-1,-1.0,-1.0,-1.0,-1.0,-1.0,-1.0,-1.0,-1.0,-1.0,,throughput,False,data\dvfs\results\crops_all\crops\z0_sliver__barrier.npz,21bc5cdf4725cb78a7da1fa5d6ea916d6b4814b53d40a8868e7fcc59ffa12539
z0_sliver__m14,z0_sliver,crops,m14,,B0039 hard crop (TUNING SET),3x1x53x52,0,0,0.0,0.0,0,0,0.022000308548541975,0.022000077031400604,3.0819478997421796e-05,6.616937300015707,0.0,0.0,1.6766362821631005,1.6766338240276666,0.6792452830188679,0.00025924066098774803,3.0819478997421796e-05,1.954327710329551e-05,1.3848325907465174e-07,True,0,0,0.010997871252991426,8,18,-0.0004357905639205209,0,0,0.02199574250598285,0,0,0.022000308548541975,0,0,0.010999999998073662,8,18,-0.0004358580105977745,0,0,0.022000047821375972,0,0,0.022000077031400604,2.6282204493930134e-05,0.9677068214804064,2.628226076797096e-05,0.9677068214804064,False,-1,-1,-1,-1,-1,-1,-1.0,-1.0,-1.0,-1.0,-1.0,-1.0,-1.0,-1.0,-1.0,,throughput,False,data\dvfs\results\crops_all\crops\z0_sliver__m14.npz,3c74165059d6f02e6e8ce79284c4aab38eeca0c4eb4395c252019057e3943322
z0_sliver__slsqp_windowed,z0_sliver,crops,slsqp_windowed,,B0039 hard crop (TUNING SET),3x1x53x52,0,0,0.0,0.0,0,0,0.022000308548541975,0.022000308548541975,0.0,0.0010532999876886606,0.0,0.0,1.6766362821631005,1.6766362821631005,0.0,0.0,0.0,0.0,0.0,True,0,0,0.010997871252991426,8,18,-0.0004357905639205209,0,0,0.02199574250598285,0,0,0.022000308548541975,0,0,0.010997871252991426,8,18,-0.0004357905639205209,0,0,0.02199574250598285,0,0,0.022000308548541975,2.6282204493930134e-05,0.9677068214804064,2.6282204493930134e-05,0.9677068214804064,False,-1,-1,-1,-1,-1,-1,-1.0,-1.0,-1.0,-1.0,-1.0,-1.0,-1.0,-1.0,-1.0,,throughput,False,data\dvfs\results\crops_all\crops\z0_sliver__slsqp_windowed.npz,33c3ab26b6e2c0ecef0e1c918d5304dbb90ebeb80ac74337e22a9cbef5c69d18
z16_twist__isqp_none,z16_twist,crops,isqp_none,,B0039 hard crop (TUNING SET),3x1x50x50,536,0,323.7977310049032,0.0,11,0,-37.366411507938324,0.022101082866042076,123.14132142589148,6.280499799991958,0.208,0.0,2.660423570696539,1.3833788100953939,0.94,4516.359155963203,123.14132142589148,13.920871005373474,1.9218549599843417,True,599,645,-45.74605270063523,617,663,-54.5463640763418,505,526,-91.49210540127046,520,536,-37.366411507938324,0,0,0.011000000000000003,0,0,0.011000000000000003,0,0,0.02200000000000083,0,0,0.022101082866042076,5.7554330844515925e-05,0.7536,0.0002486348708190508,0.8468,True,0,2,0,0,1,9,-1.0,-1.0,-1.0,-1.0,-1.0,-1.0,-1.0,-1.0,-1.0,,throughput,False,data\dvfs\results\crops_all\crops\z16_twist__isqp_none.npz,863c4c1e42f1cc0d7a24f788a03596f1995569ec384027ec2cf2d5da7ecb2711
z16_twist__isqp_l2,z16_twist,crops,isqp_l2,,B0039 hard crop (TUNING SET),3x1x50x50,536,0,323.7977310049032,0.0,11,0,-37.366411507938324,0.022000071239391294,70.71939141008934,29.935494799981825,0.208,0.0,2.660423570696539,1.5160007743648867,0.9368,1764.0288007496138,70.71939141008934,14.83263064785968,0.753214688620672,True,599,645,-45.74605270063523,617,663,-54.5463640763418,505,526,-91.49210540127046,520,536,-37.366411507938324,0,0,0.010697565061973533,0,0,0.010610294568390799,0,0,0.021395130123946306,0,0,0.022000071239391294,5.7554330844515925e-05,0.7536,0.00013237042242621272,0.8132,True,0,2,0,0,1,29,-1.0,-1.0,-1.0,-1.0,-1.0,-1.0,-1.0,-1.0,-1.0,,throughput,False,data\dvfs\results\crops_all\crops\z16_twist__isqp_l2.npz,9067abf58a1fbd022e5a6c6635b7b29af4f1e9c8a120cc6ec685816351952bff
z16_twist__auto,z16_twist,crops,auto,,B0039 hard crop (TUNING SET),3x1x50x50,536,0,323.7977310049032,0.0,11,0,-37.366411507938324,0.022000071239391294,70.71939141008934,30.53475559997605,0.208,0.0,2.660423570696539,1.5160007743648867,0.9368,1764.0288007496138,70.71939141008934,14.83263064785968,0.753214688620672,True,599,645,-45.74605270063523,617,663,-54.5463640763418,505,526,-91.49210540127046,520,536,-37.366411507938324,0,0,0.010697565061973533,0,0,0.010610294568390799,0,0,0.021395130123946306,0,0,0.022000071239391294,5.7554330844515925e-05,0.7536,0.00013237042242621272,0.8132,True,0,2,0,0,1,29,-1.0,-1.0,-1.0,-1.0,-1.0,-1.0,-1.0,-1.0,-1.0,,throughput,False,data\dvfs\results\crops_all\crops\z16_twist__auto.npz,9067abf58a1fbd022e5a6c6635b7b29af4f1e9c8a120cc6ec685816351952bff
z16_twist__slp,z16_twist,crops,slp,,B0039 hard crop (TUNING SET),3x1x50x50,536,11,323.7977310049032,1.5678424363405024,11,10,-37.366411507938324,-0.4382868840617915,87.10926747903133,10.052672700025141,0.208,0.004,2.660423570696539,1.2164702738189432,0.5524,2114.355662719575,87.10926747903133,18.680302462794863,1.5310323408541455,True,599,645,-45.74605270063523,617,663,-54.5463640763418,505,526,-91.49210540127046,520,536,-37.366411507938324,0,0,0.009991299830071632,86,145,-1.532434310221932,0,0,0.019982845242316416,10,11,-0.4382868840617915,5.7554330844515925e-05,0.7536,2.689249701418769e-05,0.7904,False,-1,-1,-1,-1,-1,-1,-1.0,-1.0,-1.0,-1.0,-1.0,-1.0,-1.0,-1.0,-1.0,,throughput,False,data\dvfs\results\crops_all\crops\z16_twist__slp.npz,98530189478db8ef6214341a81f12ac2150eb7f81aefdb6c8e9062da7352674a
z16_twist__barrier,z16_twist,crops,barrier,,B0039 hard crop (TUNING SET),3x1x50x50,536,127,323.7977310049032,52.504295094012086,11,19,-37.366411507938324,-12.90207723190657,47.19098978192062,2.1953052999451756,0.208,0.0264,2.660423570696539,1.7877457036683944,0.5316,1330.5921620675872,47.19098978192062,8.845152263840895,1.0011980150997646,False,599,645,-45.74605270063523,617,663,-54.5463640763418,505,526,-91.49210540127046,520,536,-37.366411507938324,104,174,-0.00451580000497976,191,372,-25.83507419902245,64,122,-0.009031600009960852,66,127,-12.90207723190657,5.7554330844515925e-05,0.7536,6.109699955577685e-08,0.8064,False,-1,-1,-1,-1,-1,-1,-1.0,-1.0,-1.0,-1.0,-1.0,-1.0,-1.0,-1.0,-1.0,,throughput,False,data\dvfs\results\crops_all\crops\z16_twist__barrier.npz,33c6470ca082713a4c755ca100c39c34375da228e908b1b85c29c344f6f266d1
z16_twist__m14,z16_twist,crops,m14,,B0039 hard crop (TUNING SET),3x1x50x50,536,92,323.7977310049032,18.632738598577646,11,11,-37.366411507938324,-4.016351042150877,76.67817101563303,11.293451100005768,0.208,0.0216,2.660423570696539,1.6009838598980701,0.6144,2049.5637876915175,76.67817101563303,15.17782361759675,1.3343514242783316,False,599,645,-45.74605270063523,617,663,-54.5463640763418,505,526,-91.49210540127046,520,536,-37.366411507938324,69,156,-0.006843183551981643,131,288,-14.923419704159027,48,90,-0.010288382265632768,54,91,-4.016351042150877,5.7554330844515925e-05,0.7536,3.433143786191314e-08,0.7744,False,-1,-1,-1,-1,-1,-1,-1.0,-1.0,-1.0,-1.0,-1.0,-1.0,-1.0,-1.0,-1.0,,throughput,False,data\dvfs\results\crops_all\crops\z16_twist__m14.npz,0cd5b9825f11f75b894ce9d49287bef2f1ea8a12bdf76bd500c49ef6d28eb747
z16_twist__slsqp_windowed,z16_twist,crops,slsqp_windowed,,B0039 hard crop (TUNING SET),3x1x50x50,536,440,323.7977310049032,7.673866868340706e-09,11,50,-37.366411507938324,0.00999999740983451,33.996196978870216,7085.293541699997,0.208,0.0,2.660423570696539,2.004398550713466,0.4636,975.5449875531124,33.996196978870216,6.394199189695014,0.84171267260838,True,599,645,-45.74605270063523,617,663,-54.5463640763418,505,526,-91.49210540127046,520,536,-37.366411507938324,756,826,-67.46978099945377,813,882,-67.46978099945377,452,473,-134.93956199890758,0,0,0.00999999740983451,5.7554330844515925e-05,0.7536,1.4793455097374225e-05,0.792,False,-1,-1,-1,-1,-1,-1,-1.0,-1.0,-1.0,-1.0,-1.0,-1.0,-1.0,-1.0,-1.0,,throughput,False,data\dvfs\results\crops_all\crops\z16_twist__slsqp_windowed.npz,35d88d331f46ff6657efbae35c822b7a204daa8f62fcc0b82ecc402d0270a4c1
z0_cluster__isqp_l1,z0_cluster,crops,isqp_l1,,B0039 hard crop (TUNING SET),3x1x35x42,609,0,3484.115447112045,0.0,1,0,-83.48196780027274,0.02197714224192636,712.6956256048312,6.244777799991425,0.4142857142857143,0.0,4.192337337452271,2.2244708716316404,0.6571428571428571,16981.45518955706,712.6956256048312,51.26093042856016,17.57914615896176,True,598,598,-85.394704044229,603,605,-87.59603854535453,588,588,-102.27444073626975,609,609,-83.48196780027274,0,0,0.010919854130769865,0,0,0.01070001317090541,0,0,0.021839708261539574,0,0,0.02197714224192636,0.0007698187358163713,0.8299319727891157,5.901438180536534e-05,0.8938775510204081,True,0,1,0,0,1,40,-1.0,-1.0,-1.0,-1.0,-1.0,-1.0,-1.0,-1.0,-1.0,,throughput,False,data\dvfs\results\crops_all_v2\crops\z0_cluster__isqp_l1.npz,6723468ae312bb3711b44b6c25d03acb5029bf5567070f240319ebfad001ffe7
z0_sliver__isqp_l1,z0_sliver,crops,isqp_l1,,B0039 hard crop (TUNING SET),3x1x53x52,0,0,0.0,0.0,0,0,0.022000308548541975,0.022010774647064805,681.4631019539308,168.00690949999262,0.0,0.0,1.6766362821631005,1.687066410733889,0.8632075471698113,20894.297136478046,681.4631019539308,45.53434758342927,8.782806698813806,True,0,0,0.010997871252991426,8,18,-0.0004357905639205209,0,0,0.02199574250598285,0,0,0.022000308548541975,0,0,0.010996696982799915,0,0,0.010988423117105836,0,0,0.021999690542869654,0,0,0.022010774647064805,2.6282204493930134e-05,0.9677068214804064,5.131125502655293e-05,0.9669811320754716,True,0,12,0,54,1,658,-1.0,-1.0,-1.0,-1.0,-1.0,-1.0,-1.0,-1.0,-1.0,,throughput,False,data\dvfs\results\crops_all_v2\crops\z0_sliver__isqp_l1.npz,2eab3bddcb3f78c9876365dfafc3b4d7770f881c250648da1a0ad91aa78b616d
z16_twist__isqp_l1,z16_twist,crops,isqp_l1,,B0039 hard crop (TUNING SET),3x1x50x50,536,0,323.7977310049032,0.0,11,0,-37.366411507938324,0.022124767952757717,80.2148873238397,19.572131099994294,0.208,0.0,2.660423570696539,1.4378458151939302,0.7552,1525.8626115007996,80.2148873238397,17.981500953163156,0.8081899425322032,True,599,645,-45.74605270063523,617,663,-54.5463640763418,505,526,-91.49210540127046,520,536,-37.366411507938324,0,0,0.0106981798774493,0,0,0.0106981798774493,0,0,0.0213963597548985,0,0,0.022124767952757717,5.7554330844515925e-05,0.7536,0.00018362172845321482,0.7928,True,0,2,0,0,1,45,-1.0,-1.0,-1.0,-1.0,-1.0,-1.0,-1.0,-1.0,-1.0,,throughput,False,data\dvfs\results\crops_all_v2\crops\z16_twist__isqp_l1.npz,78e5dcf54533c26781f72bb16f336380e8e4d609f4150012749b9021a7d3d1d3
